,link,title,views,category
0,n3l4hJS0jsc&pp=ygUYQ29tZWR5IGFuZCBFbnRlcnRhaW5tZW50,40 Minutes of Black Comedy Excellence,"15,502,803",Comedy and Entertainment
1,STiqG8SKZvY&pp=ygUYQ29tZWR5IGFuZCBFbnRlcnRhaW5tZW50,Adivasi Chandramukhi || New Sadri comedy video || Directed by Elan Tanti || Adivasi Comedy ||,"12,847",Comedy and Entertainment
2,x7Wkf4q3zg&pp=ygUYQ29tZWR5IGFuZCBFbnRlcnRhaW5tZW50,Top 10 Hindi Comedy Scenes | Paresh Rawal | Akshay Kumar Arshad Warsi | Johnny Lever | Rajpal Yadav,"5,484,127",Comedy and Entertainment
3,kCC7Y616-b8&pp=ygUYQ29tZWR5IGFuZCBFbnRlcnRhaW5tZW50,‡§Ö‡§¨‡•á ‡§ú‡§≤‡•ç‡§¶‡•Ä ‡§¨‡•ã‡§≤ ‡§ï‡§≤ ‡§∏‡•Å‡§¨‡§π ‡§™‡§®‡§µ‡•á‡§≤ ‡§®‡§ø‡§ï‡§≤‡§®‡§æ ‡§π‡•à | Vasool Bhai - Sanjay Mishra | Comedy Talkies,"5,019,165",Comedy and Entertainment
4,zHC0EwPF074&pp=ygUYQ29tZWR5IGFuZCBFbnRlcnRhaW5tZW50,"Akshay Kumar - Johnny Lever - Back To Back Comedy Scenes | Entertainment | Sonu Sood, Tamannaah","4,599,156",Comedy and Entertainment
5,LXXkiUKDK4w&pp=ygUYQ29tZWR5IGFuZCBFbnRlcnRhaW5tZW50,"Entertainment | Full Movie | Akshay Kumar, Tamannaah Bhatia, Johnny Lever","219,246,074",Comedy and Entertainment
6,Qv6JGA049pY&pp=ygUYQ29tZWR5IGFuZCBFbnRlcnRhaW5tZW50,CRAZY ENTERTAINERS VOL 1,"1,102,902",Comedy and Entertainment
7,8VgjCkUVE&pp=ygUYQ29tZWR5IGFuZCBFbnRlcnRhaW5tZW50,"Akshay Kumar Comedy Scenes | Back To Back Comedy | Entertainment | Tamannaah Bhatia, Johnny Lever|HD","18,371,069",Comedy and Entertainment
8,T7p1mVQ8w6M&pp=ygUYQ29tZWR5IGFuZCBFbnRlcnRhaW5tZW50,‡§∏‡§æ‡§°‡•á‡§ö‡§æ‡§∞‡§ö‡•ç‡§Ø‡§æ ‡§¨‡§æ‡§§‡§Æ‡•ç‡§Ø‡§æ LIVE ‡§¶‡§ø. 26.11.2023,"4,514",Comedy and Entertainment
9,_EJT78wETdk&pp=ygUYQ29tZWR5IGFuZCBFbnRlcnRhaW5tZW50,‡§á‡§ú‡§∞‡§æ‡§á‡§≤ ‡§ï‡•ã ‡§ö‡§æ‡§∞‡•ã‡§Ç ‡§§‡§∞‡§´ ‡§∏‡•á ‡§ñ‡§æ‡§°‡§º‡•Ä ‡§¶‡•á‡§∂‡•ã‡§Ç ‡§®‡•á ‡§ò‡•á‡§∞‡§æ/ ISRAEL- PALESTINE CONFLICT UPDATE BY SHAMBHU,"62,496",Comedy and Entertainment
10,R6ihXci4JHw&pp=ygUYQ29tZWR5IGFuZCBFbnRlcnRhaW5tZW50,"O EX MAIS CAGADO DO BRASIL, AVENIDA PAULISTA - EMBOLADA","3,199",Comedy and Entertainment
11,PFNYmYoYuoM&pp=ygUYQ29tZWR5IGFuZCBFbnRlcnRhaW5tZW50,‡¶¢‡¶æ‡¶ï‡¶æ‡¶Ø‡¶º ‡ß´‡ßÆ‡ß¶ ‡¶ü‡¶æ‡¶ï‡¶æ‡¶Ø‡¶º ‡¶∑‡¶æ‡¶Å‡¶°‡¶º ‡¶ó‡¶∞‡ßÅ ‡¶¨‡¶ø‡¶ï‡ßç‡¶∞‡¶ø ‡¶ï‡¶∞‡¶æ‡¶Ø‡¶º ‡¶§‡ßã‡¶™‡ßá‡¶∞ ‡¶Æ‡ßÅ‡¶ñ‡ßá ‡¶Æ‡¶æ‡¶Ç‡¶∏ ‡¶¨‡¶ø‡¶ï‡ßç‡¶∞‡ßá‡¶§‡¶æ! ‡¶ó‡¶∞‡ßÅ‡¶∞ ‡¶Æ‡¶æ‡¶Ç‡¶∏‡ßá‡¶∞ ‡¶¨‡¶æ‡¶ú‡¶æ‡¶∞ ‡¶¶‡¶∞ ‡ß®‡ß¶‡ß®‡ß©,"10,565",Comedy and Entertainment
12,ncIX1IJ_CzI&pp=ygUYQ29tZWR5IGFuZCBFbnRlcnRhaW5tZW50,New Entertainment Top Funny Video Best Comedy in 2022 Episode 77 By Fun Tv 420,"23,208,999",Comedy and Entertainment
13,H7UwSlW4G_U&pp=ygUYQ29tZWR5IGFuZCBFbnRlcnRhaW5tZW50,"Entertainment Back To Back Comedy Scenes | Akshay Kumar, Johnny Lever, Sonu Sood, Tamannaah","236,302",Comedy and Entertainment
14,0CfNa84Iw&pp=ygUYQ29tZWR5IGFuZCBFbnRlcnRhaW5tZW50,Dogs Fighting With Prakash Raj & Sonu Sood- Comedy Scenes | Entertainment | Hindi Film,"49,654,107",Comedy and Entertainment
15,URLnnMkx9hc&pp=ygUYQ29tZWR5IGFuZCBFbnRlcnRhaW5tZW50,Akshay Kumar's Comedy Scene With Shreyas Talpade | Entertainment Hindi Movie,"2,538,752",Comedy and Entertainment
16,MCGzhfMjE1I&pp=ygUYQ29tZWR5IGFuZCBFbnRlcnRhaW5tZW50,New Entertainment Top Funny Video üòÇ Best Comedy in 2023 By FunTv 420,"3,134,367",Comedy and Entertainment
17,4FgfmFyQMQE&pp=ygUYQ29tZWR5IGFuZCBFbnRlcnRhaW5tZW50,"‡§∏‡§¨‡§ï‡§æ ‡§¨‡§æ‡§™, ‡§¶‡§ø‡§µ‡•ç‡§Ø‡§æ‡§Ç‡§∂ | ‡§ï‡•â‡§Æ‡•á‡§°‡•Ä ‡§∏‡§∞‡•ç‡§ï‡§∏ 2018","14,879,565",Comedy and Entertainment
18,NVoGuof1W8&pp=ygUYQ29tZWR5IGFuZCBFbnRlcnRhaW5tZW50,Episode 23 | Tawa ng Tanghalan,"3,426,727",Comedy and Entertainment
19,3_Pbs8ZZ7r8&pp=ygUYQ29tZWR5IGFuZCBFbnRlcnRhaW5tZW50,"Entertainment (HD) Best Comedy Scenes | Akshay Kumar, Tamannah Bhatia, Johnny Lever","163,210",Comedy and Entertainment
20,CknooopMzI&pp=ygUYQ29tZWR5IGFuZCBFbnRlcnRhaW5tZW50,"New Entertainment Top Comedy Video, Best Comedy in 2023 Episode 217 By #Busyfunltd","7,058,617",Comedy and Entertainment
21,RqRqicSX8k&pp=ygUYQ29tZWR5IGFuZCBFbnRlcnRhaW5tZW50,New Entertainment Top Funny Video Best Comedy in 2022 Episode 205 By Funny Day,"4,927,194",Comedy and Entertainment
22,8JbIn2uBc&pp=ygUYQ29tZWR5IGFuZCBFbnRlcnRhaW5tZW50,"Entertainment | Akshay Kumar, Tamannaah Bhatia | Hindi Movie Part 8","9,637,594",Comedy and Entertainment
23,_f0XdnzZo6s&pp=ygUYQ29tZWR5IGFuZCBFbnRlcnRhaW5tZW50,Bharti ‡§î‡§∞ Siddharth ‡§®‡•á ‡§¨‡§®‡§æ‡§à ‡§®‡§à 'Mohabbatein' | Comedy Circus | Siddharth Sagar Comedy,"593,945",Comedy and Entertainment
24,Y6D1_ozC4Uw&pp=ygUYQ29tZWR5IGFuZCBFbnRlcnRhaW5tZW50,New Entertainment Top Funny Video Best Comedy in 2023 Episode 55 By MK Fun TV,"21,444,226",Comedy and Entertainment
25,1FqFZGDN-4c&pp=ygUYQ29tZWR5IGFuZCBFbnRlcnRhaW5tZW50,Akshay Kumar Quarelling With Remo D'souza- Comedy Scenes | Entertainment | Hindi Film,"6,443,672",Comedy and Entertainment
26,xkJLSE-Fiyg&pp=ygUYQ29tZWR5IGFuZCBFbnRlcnRhaW5tZW50,Touching Prank üòõ just for laughs üòá #comedy #funny #pranks,"138,797,009",Comedy and Entertainment
27,LlvvPgQF0rc&pp=ygUYQ29tZWR5IGFuZCBFbnRlcnRhaW5tZW50,Funny Joke Performance | Dhee 15 | Championship Battle | 24th May 2023 | ETV Telugu,"6,821,312",Comedy and Entertainment
28,M5pI5Dj5JTk&pp=ygUYQ29tZWR5IGFuZCBFbnRlcnRhaW5tZW50,Mike Vecchione | The Attractives (Full Comedy Special),"1,480,518",Comedy and Entertainment
29,7oACK-iI6sE&pp=ygUYQ29tZWR5IGFuZCBFbnRlcnRhaW5tZW50,‡§°‡•â‡§® ‡§¶‡§ø‡§µ‡•ç‡§Ø‡§æ‡§Ç‡§∂ ‡§ï‡§æ ‡§Ö‡§∏‡§ø‡§∏‡•ç‡§ü‡•á‡§Ç‡§ü ‡§¨‡§≤‡§∞‡§æ‡§ú | ‡§ï‡•â‡§Æ‡•á‡§°‡•Ä ‡§∏‡§∞‡•ç‡§ï‡§∏ 2018,"4,956,074",Comedy and Entertainment
30,FVh-aDHV_fA&pp=ygUYQ29tZWR5IGFuZCBFbnRlcnRhaW5tZW50,"Entertainment | Akshay Kumar, Tamannaah Bhatia | Hindi Movie Part 4","7,549,675",Comedy and Entertainment
31,_08N8VF_Q&pp=ygUYQ29tZWR5IGFuZCBFbnRlcnRhaW5tZW50,Must Watch New Special Comedy Video 2023 üòéTotally Amazing Comedy Episode 227#busyfunltd,"21,477,266",Comedy and Entertainment
32,-zbIfF-RYA&pp=ygUYQ29tZWR5IGFuZCBFbnRlcnRhaW5tZW50,Rajpal Yadav Comedy Scenes {HD} - Top Comedy Scenes - Weekend Comedy Special - Indian Comedy,"35,284,428",Comedy and Entertainment
33,M6nFF62XnPI&pp=ygUYQ29tZWR5IGFuZCBFbnRlcnRhaW5tZW50,‡§µ‡§ø‡§ß‡§µ‡§æ ‡§Æ‡§æ‡§á‡§ï‡•Ä || ‡§Ü‡§¶‡§ø‡§µ‡§æ‡§∏‡•Ä ‡§ï‡•â‡§Æ‡•á‡§°‡•Ä ‡§µ‡§ø‡§°‡§ø‡§Ø‡•ã || New Adivasi Comedy video || Directed by Elan Tanti ||,"24,184",Comedy and Entertainment
34,R6bipieCWM&pp=ygUYQ29tZWR5IGFuZCBFbnRlcnRhaW5tZW50,"Entertainment | Akshay Kumar, Tamannaah Bhatia | Hindi Movie Part 7","6,411,556",Comedy and Entertainment
35,_rugpZrMa6w&pp=ygUhU2NpZW5jZSBhbmQgVGVjaG5vbG9neSBFeHBsYWluZXJz,What is 5G? A GAO Science and Technology Explainer,"2,960",Science and Technology Explainers
36,F6sLcESv-yg&pp=ygUhU2NpZW5jZSBhbmQgVGVjaG5vbG9neSBFeHBsYWluZXJz,Best Explainer Video for Data Science Product | Qualetics | Best Motion Graphics Video,"29,236",Science and Technology Explainers
37,4uxQmzqAbOA&pp=ygUhU2NpZW5jZSBhbmQgVGVjaG5vbG9neSBFeHBsYWluZXJz,Animation Styles: 2-Minute Explainer Technology Videos,"2,669",Science and Technology Explainers
38,UNbsDdqV3ms&pp=ygUhU2NpZW5jZSBhbmQgVGVjaG5vbG9neSBFeHBsYWluZXJz,Science Explainers: How it works,655,Science and Technology Explainers
39,0u3HABxjo&pp=ygUhU2NpZW5jZSBhbmQgVGVjaG5vbG9neSBFeHBsYWluZXJz,Explainer Video for Enterprise Big Data Analytics - Stream Analytix | Motion Graphics Animation,"30,743",Science and Technology Explainers
40,CC-wf4HV2EQ&pp=ygUhU2NpZW5jZSBhbmQgVGVjaG5vbG9neSBFeHBsYWluZXJz,How to Explain a Technology Solution with a 2-Minute Explainer Video,833,Science and Technology Explainers
41,F96q9CiOtq8&pp=ygUhU2NpZW5jZSBhbmQgVGVjaG5vbG9neSBFeHBsYWluZXJz,14 Explainer Video Styles for 2023 | by Yum Yum Videos,"90,601",Science and Technology Explainers
42,WjwDSgBEQJc&pp=ygUhU2NpZW5jZSBhbmQgVGVjaG5vbG9neSBFeHBsYWluZXJz,Tech Explainer Video ‚Äî Panoply,"13,936",Science and Technology Explainers
43,g5sDa2grAKI&pp=ygUhU2NpZW5jZSBhbmQgVGVjaG5vbG9neSBFeHBsYWluZXJz,Technology Explainer Video for DuploCloud,"2,571",Science and Technology Explainers
44,BdTGkd_sbNs&pp=ygUhU2NpZW5jZSBhbmQgVGVjaG5vbG9neSBFeHBsYWluZXJz,The True Meaning Of Life (Animated Cinematic),"1,483,110",Science and Technology Explainers
45,1M8scmaWxc&pp=ygUhU2NpZW5jZSBhbmQgVGVjaG5vbG9neSBFeHBsYWluZXJz,What is OpenAI‚Äôs super-secret Project Q*? | About That,"51,145",Science and Technology Explainers
46,XXzt-LFTGI&pp=ygUhU2NpZW5jZSBhbmQgVGVjaG5vbG9neSBFeHBsYWluZXJz,"Joe Biden Trolled For 'Looking Lost' On Stage With World Leaders, Fumbling Over Tech Firm's Name","137,274",Science and Technology Explainers
47,1o2fnTNxE_Q&pp=ygUhU2NpZW5jZSBhbmQgVGVjaG5vbG9neSBFeHBsYWluZXJz,The Archaeology Iceberg Explained,"6,352,193",Science and Technology Explainers
48,JJ0nFD19eT8&pp=ygUhU2NpZW5jZSBhbmQgVGVjaG5vbG9neSBFeHBsYWluZXJz,Globalization explained (explainity¬Æ explainer video),"4,188,123",Science and Technology Explainers
49,i7Y4KIIb5ck&pp=ygUhU2NpZW5jZSBhbmQgVGVjaG5vbG9neSBFeHBsYWluZXJz,Constant Technologies Explainer Video,"13,605",Science and Technology Explainers
50,EG4KHwZut0o&pp=ygUhU2NpZW5jZSBhbmQgVGVjaG5vbG9neSBFeHBsYWluZXJz,Animated Explainer Video for Solar Power / After Effects Motion Graphics / Minimalist,"36,071",Science and Technology Explainers
51,ZUXNCY2R5Wo&pp=ygUhU2NpZW5jZSBhbmQgVGVjaG5vbG9neSBFeHBsYWluZXJz,3D EXPLAINER VIDEO ANIMATION | 3D ANIMATED INFOGRAPHICS PRESENTATION | DUBAI | UAE,"51,803",Science and Technology Explainers
52,EsweGIQyc&pp=ygUhU2NpZW5jZSBhbmQgVGVjaG5vbG9neSBFeHBsYWluZXJz,Lentner Technology - Explainer Animation,43,Science and Technology Explainers
53,G7QZ5SC18KI&pp=ygUhU2NpZW5jZSBhbmQgVGVjaG5vbG9neSBFeHBsYWluZXJz,Explainer Animation for SPRINT - SPace Research and Innovation Network for Technology,276,Science and Technology Explainers
54,7bM-iXFSsHg&pp=ygUhU2NpZW5jZSBhbmQgVGVjaG5vbG9neSBFeHBsYWluZXJz,Enterprise Solution Explainer Video: JOS VDI Cloud Computing | Premium Animation,"12,158",Science and Technology Explainers
55,98opLll-gg&pp=ygUhU2NpZW5jZSBhbmQgVGVjaG5vbG9neSBFeHBsYWluZXJz,How To Create Animated Explainer Videos For Youtube - Step by Step Guide,"105,237",Science and Technology Explainers
56,xi6KrKQo8vE&pp=ygUhU2NpZW5jZSBhbmQgVGVjaG5vbG9neSBFeHBsYWluZXJz,Level Access Technology Explainer Video by Explainify,28,Science and Technology Explainers
57,fSaN31qi1E&pp=ygUhU2NpZW5jZSBhbmQgVGVjaG5vbG9neSBFeHBsYWluZXJz,Contact Center AI Platform Explainer Video,"10,668",Science and Technology Explainers
58,1M_uBWx5pPk&pp=ygUhU2NpZW5jZSBhbmQgVGVjaG5vbG9neSBFeHBsYWluZXJz,TVSC Give Send Go explainer video,731,Science and Technology Explainers
59,za_ZKM0kbPA&pp=ygUhU2NpZW5jZSBhbmQgVGVjaG5vbG9neSBFeHBsYWluZXJz,"STEM explains the world! Science, Technology, Engineering, Mathematics","36,424",Science and Technology Explainers
60,xxhAtE3RnUg&pp=ygUhU2NpZW5jZSBhbmQgVGVjaG5vbG9neSBFeHBsYWluZXJz,Theon Technology Explainer Video,115,Science and Technology Explainers
61,0bnTahEKWeg&pp=ygUhU2NpZW5jZSBhbmQgVGVjaG5vbG9neSBFeHBsYWluZXJz,Bachelor of Computer Science course explainer | Monash Information Technology,"4,164",Science and Technology Explainers
62,lOlWesNjvVw&pp=ygUhU2NpZW5jZSBhbmQgVGVjaG5vbG9neSBFeHBsYWluZXJz,Education Technology | EdTech Explainer,"2,561",Science and Technology Explainers
63,4jsjJoY36g&pp=ygUhU2NpZW5jZSBhbmQgVGVjaG5vbG9neSBFeHBsYWluZXJz,SRM Institute of Science and Technology- Waste Management Explainer Video,60,Science and Technology Explainers
64,g1VP9lAEeNo&pp=ygUhU2NpZW5jZSBhbmQgVGVjaG5vbG9neSBFeHBsYWluZXJz,Quanta Technology: Explainer Video,"2,726",Science and Technology Explainers
65,BvnJiC_zTGU&pp=ygUhU2NpZW5jZSBhbmQgVGVjaG5vbG9neSBFeHBsYWluZXJz,Explainer video for the Science & Technology Ambassador program by Bernadette Hyland-Wood,22,Science and Technology Explainers
66,PNB-a-yMF8&pp=ygUhU2NpZW5jZSBhbmQgVGVjaG5vbG9neSBFeHBsYWluZXJz,"""Apollo"" A motion detection Technology | Apollo Explainer Video Public",286,Science and Technology Explainers
67,qPBSvlhe9v0&pp=ygUhU2NpZW5jZSBhbmQgVGVjaG5vbG9neSBFeHBsYWluZXJz,Bachelor of Information Technology course explainer | Monash Information Technology,"10,853",Science and Technology Explainers
68,DsjcA6D3zA&pp=ygUhU2NpZW5jZSBhbmQgVGVjaG5vbG9neSBFeHBsYWluZXJz,Tech Explainer | What is Robotics?,"18,804",Science and Technology Explainers
69,4I1zDY8MFgQ&pp=ygUhU2NpZW5jZSBhbmQgVGVjaG5vbG9neSBFeHBsYWluZXJz,Nuspire - Video 3 | Explainer Video by Animation Explainers,209,Science and Technology Explainers
70,ETkNFeRt05c&pp=ygUhU2NpZW5jZSBhbmQgVGVjaG5vbG9neSBFeHBsYWluZXJz,WhiteFox Defense - Tech Explainer Video,793,Science and Technology Explainers
71,CCs7PtVKe4&pp=ygUhU2NpZW5jZSBhbmQgVGVjaG5vbG9neSBFeHBsYWluZXJz,Science Tech Company Explainer (2D),187,Science and Technology Explainers
72,Q6mgqDiMYKI&pp=ygUhU2NpZW5jZSBhbmQgVGVjaG5vbG9neSBFeHBsYWluZXJz,Understanding Science & Technology,53,Science and Technology Explainers
73,Ex6bUThvfmA&pp=ygUhU2NpZW5jZSBhbmQgVGVjaG5vbG9neSBFeHBsYWluZXJz,Hyperledger Fabric Explainer (3D VR Science and Technology),341,Science and Technology Explainers
74,Yip_Vuv8J0&pp=ygUhU2NpZW5jZSBhbmQgVGVjaG5vbG9neSBFeHBsYWluZXJz,Blockchain Expert Explains One Concept in 5 Levels of Difficulty | WIRED,"5,486,769",Science and Technology Explainers
75,-9X_Z7yETVM&pp=ygUhU2NpZW5jZSBhbmQgVGVjaG5vbG9neSBFeHBsYWluZXJz,Thyme IT Technologies explainer video,126,Science and Technology Explainers
76,zlwC3XwfY&pp=ygUdQnVzaW5lc3MgYW5kIEVudHJlcHJlbmV1cnNoaXA%3D,Who Even Is An Entrepreneur?: Crash Course Business - Entrepreneurship #1,"1,075,923",Business and Entrepreneurship
77,Ihs4VFZWwn4&pp=ygUdQnVzaW5lc3MgYW5kIEVudHJlcHJlbmV1cnNoaXA%3D,The Power of an Entrepreneurial Mindset | Bill Roche | TEDxLangleyED,"841,569",Business and Entrepreneurship
78,MN7yfV4UuCI&pp=ygUdQnVzaW5lc3MgYW5kIEVudHJlcHJlbmV1cnNoaXA%3D,How To Build A Business That Works | Brian Tracy #GENIUS,"1,983,849",Business and Entrepreneurship
79,jKQ7uOd0U_M&pp=ygUdQnVzaW5lc3MgYW5kIEVudHJlcHJlbmV1cnNoaXA%3D,Think Like A Grand Master Entrepreneur- 2019 Driven Keynote,"4,313,293",Business and Entrepreneurship
80,f6nxcfbDfZo&pp=ygUdQnVzaW5lc3MgYW5kIEVudHJlcHJlbmV1cnNoaXA%3D,What they don't tell you about entrepreneurship | Mark Leruste | TEDxCardiff,"1,257,766",Business and Entrepreneurship
81,lGYg5n6rNs&pp=ygUdQnVzaW5lc3MgYW5kIEVudHJlcHJlbmV1cnNoaXA%3D,"how to be young and successful (ULTIMATE GUIDE) | mindset, habits, entrepreneurship","311,257",Business and Entrepreneurship
82,_q0tcUYB6w4&pp=ygUdQnVzaW5lc3MgYW5kIEVudHJlcHJlbmV1cnNoaXA%3D,Innovation and Entrepreneurship in the Elizabethan theatre,244,Business and Entrepreneurship
83,QoqohmccTSc&pp=ygUdQnVzaW5lc3MgYW5kIEVudHJlcHJlbmV1cnNoaXA%3D,50 Entrepreneurs share priceless advice,"4,371,996",Business and Entrepreneurship
84,IVNK5gkVq2Q&pp=ygUdQnVzaW5lc3MgYW5kIEVudHJlcHJlbmV1cnNoaXA%3D,OUTWORK EVERYONE | Brutally Honest Business Advice from Billionaire Mark Cuban,"2,212,703",Business and Entrepreneurship
85,R1UHp1SVe2k&pp=ygUdQnVzaW5lc3MgYW5kIEVudHJlcHJlbmV1cnNoaXA%3D,20 Rules for Entrepreneurs,"106,844",Business and Entrepreneurship
86,ls9be-9C-uk&pp=ygUdQnVzaW5lc3MgYW5kIEVudHJlcHJlbmV1cnNoaXA%3D,6 BEST Pieces Of Business Advice That Made Me Millions | E103,"442,519",Business and Entrepreneurship
87,Svw-oXtXO-c&pp=ygUdQnVzaW5lc3MgYW5kIEVudHJlcHJlbmV1cnNoaXA%3D,10 Minutes for the next 10 years - POWERFUL Motivational Speeches (MUST WATCH),"93,823",Business and Entrepreneurship
88,89Vpqm2IaPE&pp=ygUdQnVzaW5lc3MgYW5kIEVudHJlcHJlbmV1cnNoaXA%3D,Jordan Peterson Reveals How to Sell Anything to Anyone,"3,856,545",Business and Entrepreneurship
89,A54VFBYfF9U&pp=ygUdQnVzaW5lc3MgYW5kIEVudHJlcHJlbmV1cnNoaXA%3D,Want To Be Rich? Don‚Äôt Start A Business.,"1,295,610",Business and Entrepreneurship
90,niOV_jSVCKs&pp=ygUdQnVzaW5lc3MgYW5kIEVudHJlcHJlbmV1cnNoaXA%3D,How to Cultivate an Entrepreneurial Mindset | Linda Chiou | TEDxKerrisdaleLive,"294,936",Business and Entrepreneurship
91,7TWKKww-F30&pp=ygUdQnVzaW5lc3MgYW5kIEVudHJlcHJlbmV1cnNoaXA%3D,"""I Got Rich When I Understood This"" | Jeff Bezos","8,063,846",Business and Entrepreneurship
92,QpM1DDK8P34&pp=ygUdQnVzaW5lc3MgYW5kIEVudHJlcHJlbmV1cnNoaXA%3D,"Small Business for Beginners and Dummies (Startup, Motivation, Entrepreneurship) - Full Audiobook","42,696",Business and Entrepreneurship
93,zNZzyVD0LzY&pp=ygUdQnVzaW5lc3MgYW5kIEVudHJlcHJlbmV1cnNoaXA%3D,ENTREPRENEUR MINDSET - Best Motivational Video For Self-Made Success,"201,240",Business and Entrepreneurship
94,nE0q_Oti8w&pp=ygUdQnVzaW5lc3MgYW5kIEVudHJlcHJlbmV1cnNoaXA%3D,Every Entrepreneur Needs to Hear This | Inspiring Motivational Compilation 2022,"22,417",Business and Entrepreneurship
95,jOgqIbeLXkE&pp=ygUdQnVzaW5lc3MgYW5kIEVudHJlcHJlbmV1cnNoaXA%3D,Entrepreneurship Masterclass: How to Make $10k - $1M per Month - Daniel Priestley,"1,241,969",Business and Entrepreneurship
96,ZEMbKzy7FD8&pp=ygUdQnVzaW5lc3MgYW5kIEVudHJlcHJlbmV1cnNoaXA%3D,How to Write a Business Plan - Entrepreneurship 101,"2,053,974",Business and Entrepreneurship
97,iywvlUk2Wfg&pp=ygUdQnVzaW5lc3MgYW5kIEVudHJlcHJlbmV1cnNoaXA%3D,How to Develop a Business Idea: Crash Course Business - Entrepreneurship #2,"512,929",Business and Entrepreneurship
98,zlrb_X6fYZ0&pp=ygUdQnVzaW5lc3MgYW5kIEVudHJlcHJlbmV1cnNoaXA%3D,Business Plan Writing 101: Wharton Entrepreneurship Series,"1,391,864",Business and Entrepreneurship
99,rRpMrAMesbA&pp=ygUdQnVzaW5lc3MgYW5kIEVudHJlcHJlbmV1cnNoaXA%3D,What Is an Entrepreneur?,"106,085",Business and Entrepreneurship
100,JHtmJMtMetM&pp=ygUdQnVzaW5lc3MgYW5kIEVudHJlcHJlbmV1cnNoaXA%3D,The BEST Advice for Entrepreneurs - Robert Kiyosaki,"529,120",Business and Entrepreneurship
101,lJjILQu2xM8&pp=ygUdQnVzaW5lc3MgYW5kIEVudHJlcHJlbmV1cnNoaXA%3D,How to be an Entrepreneur,"1,482,396",Business and Entrepreneurship
102,-VxGDB5Rk3s&pp=ygUdQnVzaW5lc3MgYW5kIEVudHJlcHJlbmV1cnNoaXA%3D,What Is the Real Difference Between An Entrepreneur And A Business Owner?,"71,645",Business and Entrepreneurship
103,1jusPIu5cw&pp=ygUdQnVzaW5lc3MgYW5kIEVudHJlcHJlbmV1cnNoaXA%3D,How to grow and operate a business | Business Advice For Entrepreneurs,"189,147",Business and Entrepreneurship
104,qgc89GEO_nE&pp=ygUdQnVzaW5lc3MgYW5kIEVudHJlcHJlbmV1cnNoaXA%3D,12 Mistakes I Made My First Year as an Entrepreneur,"2,086,843",Business and Entrepreneurship
105,97Bh7cOT2Go&pp=ygUdQnVzaW5lc3MgYW5kIEVudHJlcHJlbmV1cnNoaXA%3D,You Don't Want To Start A Business - But It's Important That You Think You Do - How Money Works,"1,267,993",Business and Entrepreneurship
106,MdNNGfoxrqA&pp=ygUdQnVzaW5lc3MgYW5kIEVudHJlcHJlbmV1cnNoaXA%3D,"What is Entrepreneurship? definition, characteristics and entrepreneurial process","705,614",Business and Entrepreneurship
107,M12Uv0mZQM&pp=ygUdQnVzaW5lc3MgYW5kIEVudHJlcHJlbmV1cnNoaXA%3D,15 Reasons Entrepreneurship Isn't For You,"79,036",Business and Entrepreneurship
108,6dKIOSe2A2o&pp=ygUdQnVzaW5lc3MgYW5kIEVudHJlcHJlbmV1cnNoaXA%3D,10 Business Models for Every Entrepreneur,"209,283",Business and Entrepreneurship
109,jffyqZRIcHc&pp=ygUdQnVzaW5lc3MgYW5kIEVudHJlcHJlbmV1cnNoaXA%3D,Mark Cuban - The #1 Reason Why Most People Fail In Business,"3,072,578",Business and Entrepreneurship
110,SUbDvCn73pI&pp=ygUdQnVzaW5lc3MgYW5kIEVudHJlcHJlbmV1cnNoaXA%3D,Differences between Businessman and Entrepreneur.,"14,780",Business and Entrepreneurship
111,dYp3Zzy34Y&pp=ygUdQnVzaW5lc3MgYW5kIEVudHJlcHJlbmV1cnNoaXA%3D,Entrepreneurship Made Simple: 4 Easy Ways To Start Your Own Business | Chinkee Tan,"26,221",Business and Entrepreneurship
112,8qo2zTZev0&pp=ygUdQnVzaW5lc3MgYW5kIEVudHJlcHJlbmV1cnNoaXA%3D,Asking Small Business Owners for Entrepreneurship Advice,"341,307",Business and Entrepreneurship
113,B4xXA2hZE&pp=ygUdQnVzaW5lc3MgYW5kIEVudHJlcHJlbmV1cnNoaXA%3D,Is An Entrepreneurship Major Worth It?,"36,233",Business and Entrepreneurship
114,3nvaEyeX-E&pp=ygUORElZIGFuZCBDcmFmdHM%3D,*BRAND NEW* DOLLAR TREE DIY Original Ideas For CHRISTMAS 2023! MUST See These CRAFT Hacks & Decor!,"64,489",DIY and Crafts
115,IZaAsRVc-8&pp=ygUORElZIGFuZCBDcmFmdHM%3D,DIY Rustic Farmhouse Christmas Crafts | DIY Farmhouse Christmas Crafts | DIY Christmas Crafts 2023,"5,787",DIY and Crafts
116,3oajTZ1y64g&pp=ygUORElZIGFuZCBDcmFmdHM%3D,2023 CHRISTMAS CRAFT WITH ME PART 4 | EASY AND AFFORDABLE IDEAS!,"17,818",DIY and Crafts
117,nHTtyZPFVA&pp=ygUORElZIGFuZCBDcmFmdHM%3D,CRAZY SNEAKING FOOD AND MAKEUP ANYWHERE YOU GO || DIY Ideas And Funny Situations By 123GO! Genius,644,DIY and Crafts
118,xKGzaAHCTlc&pp=ygUORElZIGFuZCBDcmFmdHM%3D,HOW TO SNEAK FOOD AND MAKEUP ANYWHERE YOU GO || DIY Crafts And Funny Situations By 123GO! Like,474,DIY and Crafts
119,5U_Se2dmYk&pp=ygUORElZIGFuZCBDcmFmdHM%3D,CRAFT FAIR SERIES 2023| HOW I MAKE SIGNS FOR MY CRAFT FAIR!,"1,750",DIY and Crafts
120,BpzhODJk4Q&pp=ygUORElZIGFuZCBDcmFmdHM%3D,GOP Voters TURN AGAINST Trump and FLEE the ENTIRE Party,"54,680",DIY and Crafts
121,iEzlEDtTyVM&pp=ygUORElZIGFuZCBDcmFmdHM%3D,100+ Best Cleaning Hacks That Will Help To Keep Your House Clean üåü‚ú®,"729,442",DIY and Crafts
122,BmBSMq9FcSY&pp=ygUORElZIGFuZCBDcmFmdHM%3D,Kitchen Gadgets vs Hacks üî™üç≥ Upgrade Your Cooking Skills Right Now!,"647,969",DIY and Crafts
123,KuBwpM9e27E&pp=ygUORElZIGFuZCBDcmFmdHM%3D,"Best Hacks, Easy DIY Crafts, and Must-Have Gadgets for Busy Parents üåüüîß","170,461",DIY and Crafts
124,Fe7-jYcR0t4&pp=ygUORElZIGFuZCBDcmFmdHM%3D,Inexpensive Vintage DIY Christmas Decorations! Dollar Tree Christmas DIY 2023 | CHRISTMAS CRAFTS,"84,489",DIY and Crafts
125,dTVRZhxwsUI&pp=ygUORElZIGFuZCBDcmFmdHM%3D,I made a Useful and Easy Idea and SELL them all! Super Genius recycling Idea with Jar lids,"443,997",DIY and Crafts
126,U_GFznz7ESA&pp=ygUORElZIGFuZCBDcmFmdHM%3D,Creative and Fun DIY Footwear Ideas to Experiment With üåàüë†,"437,748",DIY and Crafts
127,IDNH28PPx2M&pp=ygUORElZIGFuZCBDcmFmdHM%3D,10 aesthetic diy gift ideas ‚úßÔΩ•Ôæü,"443,559",DIY and Crafts
128,kWBn_SfpMnw&pp=ygUORElZIGFuZCBDcmFmdHM%3D,No Clay No MDFüò±only Magic with Newspaper | DIY Wall Hanging craft for Home decor | Quilling craft,"924,940",DIY and Crafts
129,965zsoMRuGE&pp=ygUORElZIGFuZCBDcmFmdHM%3D,10 HIGH-END CHRISTMAS DOLLAR TREE DIY'süéÑQuick & Easy!!!,"116,338",DIY and Crafts
130,JJx6GLd5Tz8&pp=ygUORElZIGFuZCBDcmFmdHM%3D,100 DIY SCHOOL SUPPLIES IDEAS - BACK TO SCHOOL HACKS AND CRAFTS,"510,927",DIY and Crafts
131,QLZ46D8_II8&pp=ygUORElZIGFuZCBDcmFmdHM%3D,50 DOLLAR TREE DIYS UNDER $5 DOLLARS!,"298,323",DIY and Crafts
132,V9Jxsr19KPA&pp=ygUORElZIGFuZCBDcmFmdHM%3D,100+ BACK TO SCHOOL IDEAS AND FUN CRAFTS,"3,597,612",DIY and Crafts
133,VccHSRzJY4U&pp=ygUORElZIGFuZCBDcmFmdHM%3D,*10 BEST* Christmas Crafts made in only 5 MINUTES! Dollar Tree DIYs 2023,"168,678",DIY and Crafts
134,ED6ZxkOOLi0&pp=ygUORElZIGFuZCBDcmFmdHM%3D,22 AWESOME HACKS AND DIYs YOU SHOULD TRY,"9,323,550",DIY and Crafts
135,MU0HhH4dIHs&pp=ygUTQW5pbWF0aW9uIGFuZCBGaWxtcw%3D%3D,Lucy | A Short Animated Film by Southeastern Guide Dogs,"425,007",Animation and Films
136,i5gbWhRW_ZA&pp=ygUTQW5pbWF0aW9uIGFuZCBGaWxtcw%3D%3D,EDN√ñRA - 2D animated short film (student thesis film),"427,890",Animation and Films
137,1P3ZgLOy-w8&pp=ygUTQW5pbWF0aW9uIGFuZCBGaWxtcw%3D%3D,HOPE (2020),"21,306,714",Animation and Films
138,zomYZpaHoNw&pp=ygUTQW5pbWF0aW9uIGFuZCBGaWxtcw%3D%3D,The Stolen Princess | Full HD Animation,"9,463,154",Animation and Films
139,fc6Wn2DU&pp=ygUTQW5pbWF0aW9uIGFuZCBGaWxtcw%3D%3D,Soft Rain | Animated Short Film (2023),"201,306",Animation and Films
140,Wd4mzGqQYo&pp=ygUTQW5pbWF0aW9uIGFuZCBGaWxtcw%3D%3D,"CGI Animated Short Film: ""One Small Step"" by TAIKO Studios | CGMeetup","37,782,384",Animation and Films
141,YJV88qmWA6M&pp=ygUTQW5pbWF0aW9uIGFuZCBGaWxtcw%3D%3D,Aladdin | 1992 | Animated | English | Kids | Full movie,"4,291,377",Animation and Films
142,FUqttxtk8y0&pp=ygUTQW5pbWF0aW9uIGFuZCBGaWxtcw%3D%3D,Evangeline - Animated Short Film (2019),"2,555,547",Animation and Films
143,UTAvGzCK6ok&pp=ygUTQW5pbWF0aW9uIGFuZCBGaWxtcw%3D%3D,Valley Of The Lanterns | Full Movie | Family Fantasy Adventure Animation Movie | Family Central,"17,282,798",Animation and Films
144,Bl1FOKpFY2Q&pp=ygUTQW5pbWF0aW9uIGFuZCBGaWxtcw%3D%3D,UMBRELLA | Oscar¬Æ Contender and Multi-Award Winning Animated Short Film,"31,590,489",Animation and Films
145,LfQ0EEz5m4U&pp=ygUTQW5pbWF0aW9uIGFuZCBGaWxtcw%3D%3D,"CGI Animated Short Film HD ""Johnny Express"" by Alfred Imageworks | CGMeetup","19,620,456",Animation and Films
146,Fjp2TdlTTIU&pp=ygUTQW5pbWF0aW9uIGFuZCBGaWxtcw%3D%3D,üî¥ LIVE! Phineas and Ferb Season 1 Full Episodes! | @disneyxd,"6,259",Animation and Films
147,38y_1EWIE9I&pp=ygUTQW5pbWF0aW9uIGFuZCBGaWxtcw%3D%3D,Snack Attack,"55,675,158",Animation and Films
148,O1C9zOQpKG4&pp=ygUTQW5pbWF0aW9uIGFuZCBGaWxtcw%3D%3D,"**Award Winning** CGI 3D Animated Short Film ""Hey Deer!"" by Ors Barczy | CGMeetup","8,291,808",Animation and Films
149,rW2g5cwxrqQ&pp=ygUTQW5pbWF0aW9uIGFuZCBGaWxtcw%3D%3D,GLUED,"16,956,652",Animation and Films
150,D0Nha03qnM&pp=ygUTQW5pbWF0aW9uIGFuZCBGaWxtcw%3D%3D,"CGI Animated Short Film: ""Decaf Animated Short Film"" by The Animation School | CGMeetup","22,390,242",Animation and Films
151,X6WTAYSz-s&pp=ygUTQW5pbWF0aW9uIGFuZCBGaWxtcw%3D%3D,Ronal The Barbarian - Full movie,"75,316,455",Animation and Films
152,JkMCMlVdUT8&pp=ygUTQW5pbWF0aW9uIGFuZCBGaWxtcw%3D%3D,"CGI Animated Short Film: ""Ice Pepper"" by ESMA | CGMeetup","6,502,235",Animation and Films
153,WkepoLUZfs&pp=ygUTQW5pbWF0aW9uIGFuZCBGaWxtcw%3D%3D,BEYOND THE RESET - Animated Short Film,"2,662,993",Animation and Films
154,qz0cheoiWY&pp=ygUTQW5pbWF0aW9uIGFuZCBGaWxtcw%3D%3D,Bang Bang! Short Animated Film,"4,069,172",Animation and Films
155,KSaF8NvMiQ&pp=ygUTQW5pbWF0aW9uIGFuZCBGaWxtcw%3D%3D,PICCHU | Award-Winning Animated Short Film | Amazon Web Services,"1,622,586",Animation and Films
156,CZsIxEnN0k0&pp=ygUTQW5pbWF0aW9uIGFuZCBGaWxtcw%3D%3D,Trois Petits Chats [3D animated short film],"12,548,489",Animation and Films
157,07d2dXHYb94&pp=ygUTQW5pbWF0aW9uIGFuZCBGaWxtcw%3D%3D,Pip | A Short Animated Film by Southeastern Guide Dogs,"479,499,763",Animation and Films
158,WO2-RDmpDQ&pp=ygUTQW5pbWF0aW9uIGFuZCBGaWxtcw%3D%3D,DEAD HORSE - Animation Short Film (2022),"1,444,309",Animation and Films
159,20evunLzSgk&pp=ygUTQW5pbWF0aW9uIGFuZCBGaWxtcw%3D%3D,"CGI Animated Short Film: ""The Box"" / La Bo√Æte by ESMA | CGMeetup","14,923,184",Animation and Films
160,CcgE0RNxWJw&pp=ygUTQW5pbWF0aW9uIGFuZCBGaWxtcw%3D%3D,RAMSHACKLE: The Thesis Film (ANIMATED SHORT FILM),"1,628,926",Animation and Films
161,JQgy1f-78As&pp=ygUTQW5pbWF0aW9uIGFuZCBGaWxtcw%3D%3D,"**Award Winning** CGI Animated Short Film: ""Cat and Moth"" by India Barnardo | @CGMeetup ‚Äã","288,665",Animation and Films
162,AVttlE4Y5c8&pp=ygUTQW5pbWF0aW9uIGFuZCBGaWxtcw%3D%3D,One Per Person - Award Winning CGI Animated Short Film (FULL),"14,934,172",Animation and Films
163,Na-4Unv0voQ&pp=ygUTQW5pbWF0aW9uIGFuZCBGaWxtcw%3D%3D,SUNSCREEN - Animation Short Film 2023 - GOBELINS,"163,604",Animation and Films
164,VzT6D-yhZg&pp=ygUTQW5pbWF0aW9uIGFuZCBGaWxtcw%3D%3D,Fuelled | Animated Short Film 2021,"8,983,944",Animation and Films
165,CAYDRIbXFAc&pp=ygUTQW5pbWF0aW9uIGFuZCBGaWxtcw%3D%3D,Afternoon Class - Animation Short Film (2014),"16,973,182",Animation and Films
166,iTKjr5i-t4&pp=ygUTQW5pbWF0aW9uIGFuZCBGaWxtcw%3D%3D,"CGI Animated Short Film HD ""Cheat Day "" by Diem Tran | CGMeetup","8,996,047",Animation and Films
167,023ryQgguQ&pp=ygUTQW5pbWF0aW9uIGFuZCBGaWxtcw%3D%3D,LE RETOUR DES VAGUES - Animated Short Film 2020,"746,727",Animation and Films
168,lTxn2BuqyzU&pp=ygUTQW5pbWF0aW9uIGFuZCBGaWxtcw%3D%3D,"CGI Animated Short Film: ""Watermelon A Cautionary Tale"" by Kefei Li & Connie Qin He | CGMeetup","132,131,653",Animation and Films
169,OOtxXPaQvoM&pp=ygUXTmV3cyBhbmQgQ3VycmVudCBFdmVudHM%3D,LIVE: Latest News Headlines and Events l ABC News Live,"1,862",News and Current Events
170,8Jq3A-nhGcY&pp=ygUXTmV3cyBhbmQgQ3VycmVudCBFdmVudHM%3D,"13 Israeli hostages, 4 foreigners released from captivity in the Gaza Strip, Israeli military says","326,761",News and Current Events
171,B0-vWWVoxcU&pp=ygUXTmV3cyBhbmQgQ3VycmVudCBFdmVudHM%3D,Russia launches its largest drone attack on Ukraine since start of war,"74,572",News and Current Events
172,PSGQlnBW1vk&pp=ygUXTmV3cyBhbmQgQ3VycmVudCBFdmVudHM%3D,The ex-officer convicted of murdering George Floyd stabbed in prison | LiveNOW from FOX,"287,618",News and Current Events
173,WY4y2OtlGgM&pp=ygUXTmV3cyBhbmQgQ3VycmVudCBFdmVudHM%3D,France in crisis as riots escalate - BBC News,"876,667",News and Current Events
174,IGRzMf0SEPU&pp=ygUXTmV3cyBhbmQgQ3VycmVudCBFdmVudHM%3D,Review of current events | Morning World Today | TVP World,"7,293",News and Current Events
175,6TqhcZsxrPA&pp=ygUXTmV3cyBhbmQgQ3VycmVudCBFdmVudHM%3D,"Earth currently experiencing a sixth mass extinction, according to scientists | 60 Minutes","4,434,722",News and Current Events
176,O6e_MQck&pp=ygUXTmV3cyBhbmQgQ3VycmVudCBFdmVudHM%3D,PH to China: Maritime issues 'serious concern' for Filipinos | The Final Word,"40,410",News and Current Events
177,QM-X6kf-XmM&pp=ygUXTmV3cyBhbmQgQ3VycmVudCBFdmVudHM%3D,Hamas Releases Video Of Hostage Handover To Red Cross In Gaza,"345,232",News and Current Events
178,Z279FxxE&pp=ygUXTmV3cyBhbmQgQ3VycmVudCBFdmVudHM%3D,"26 Nov : Current Affairs 2023 | Daily Current Affairs in hindi | Today Current Affairs| Next dose,GK","3,895",News and Current Events
179,O0yEtZ-aT4U&pp=ygUXTmV3cyBhbmQgQ3VycmVudCBFdmVudHM%3D,Israel strikes back against Hamas,"1,329,303",News and Current Events
180,nv3iOH_XYdo&pp=ygUXTmV3cyBhbmQgQ3VycmVudCBFdmVudHM%3D,The World Ahead 2023: five stories to watch out for,"2,976,831",News and Current Events
181,KY_YUwYrQ2U&pp=ygUXTmV3cyBhbmQgQ3VycmVudCBFdmVudHM%3D,Climate Change triggering extreme weather events across the world | Global Warming | English News,"109,173",News and Current Events
182,Is2kZJZUYJg&pp=ygUXTmV3cyBhbmQgQ3VycmVudCBFdmVudHM%3D,More captives released after Hamas said Israel not upholding truce deal | Al Jazeera Newsfeed,"5,863",News and Current Events
183,JoFhMlSV8g&pp=ygUXTmV3cyBhbmQgQ3VycmVudCBFdmVudHM%3D,Israel ‚ÄúManipulating‚Äù Hostage Deal? Netanyahu Vows Not To ‚ÄúAssassinate‚Äù Hamas Heads¬†In¬†Qatar¬†|¬†Gaza,"23,098",News and Current Events
184,qabxBKzZ6M&pp=ygUXTmV3cyBhbmQgQ3VycmVudCBFdmVudHM%3D,DW News livestream | Headline news from around the world,767,News and Current Events
185,3_-jZqsQqdk&pp=ygUXTmV3cyBhbmQgQ3VycmVudCBFdmVudHM%3D,LiveNOW from FOX,603,News and Current Events
186,Y8cXu2ksLU&pp=ygUXTmV3cyBhbmQgQ3VycmVudCBFdmVudHM%3D,"Massive flooding in Eastern Libya claims over 8,000 lives","359,889",News and Current Events
187,fODe3An7iKk&pp=ygUXTmV3cyBhbmQgQ3VycmVudCBFdmVudHM%3D,Morning review of current events | Morning World Today,"7,776",News and Current Events
188,XmkHyAejK4Q&pp=ygUXTmV3cyBhbmQgQ3VycmVudCBFdmVudHM%3D,"Top U.S. & World Headlines ‚Äî May 19, 2023","403,130",News and Current Events
189,5AYUAja593g&pp=ygUXTmV3cyBhbmQgQ3VycmVudCBFdmVudHM%3D,The biggest news events around the world in 2021 | World 365 | OneIndia News,"3,559",News and Current Events
190,6AsQ078o&pp=ygUXTmV3cyBhbmQgQ3VycmVudCBFdmVudHM%3D,Good news 2023! | CNN Philippines 10,"24,345",News and Current Events
191,gt4mBm_eHw&pp=ygUXTmV3cyBhbmQgQ3VycmVudCBFdmVudHM%3D,Review of current events of the day | Morning World Today | TVP World,"8,162",News and Current Events
192,7QZleh_zOTM&pp=ygUXTmV3cyBhbmQgQ3VycmVudCBFdmVudHM%3D,Authorities searching for a second vehicle in connection to alleged attempted terror attack,"577,853",News and Current Events
193,4Id4VGCtTGM&pp=ygUXTmV3cyBhbmQgQ3VycmVudCBFdmVudHM%3D,The Hindu Newspaper Analysis | 25th November 2023 | Current Affairs Today | UPSC Editorial Analysis,"21,730",News and Current Events
194,PnIiq3Gxgk4&pp=ygUXTmV3cyBhbmQgQ3VycmVudCBFdmVudHM%3D,Good news from across the country,"26,711",News and Current Events
195,6Z-YZ3A4mdk&pp=ygUaTXVzaWMgYW5kIFBlcmZvcm1hbmNlIEFydHM%3D,An Introduction to Performance Art | TateShots,"358,856",Music and Performance Arts
196,Pd2KM3qjcKk&pp=ygUaTXVzaWMgYW5kIFBlcmZvcm1hbmNlIEFydHM%3D,PAINTED,"7,539,900",Music and Performance Arts
197,x_DA3dgRSrw&pp=ygUaTXVzaWMgYW5kIFBlcmZvcm1hbmNlIEFydHM%3D,Yoann Bourgeois Captivates Audience with Powerful Performance About Life ( Original Video ),"17,984,199",Music and Performance Arts
198,kUk6rl5GSFE&pp=ygUaTXVzaWMgYW5kIFBlcmZvcm1hbmNlIEFydHM%3D,"What is Performing arts? Explain Performing arts, Define Performing arts, Meaning of Performing arts","66,047",Music and Performance Arts
199,nIJn-pZ3lgE&pp=ygUaTXVzaWMgYW5kIFBlcmZvcm1hbmNlIEFydHM%3D,The Final Stage - Girar O Mundo,"677,640",Music and Performance Arts
200,jkKPvGLHp4&pp=ygUaTXVzaWMgYW5kIFBlcmZvcm1hbmNlIEFydHM%3D,"Colors of the Wind | Contemporary, PERFORMING ARTS STUDIO PH","15,012",Music and Performance Arts
201,3yo61Od9qOQ&pp=ygUaTXVzaWMgYW5kIFBlcmZvcm1hbmNlIEFydHM%3D,COP14 opening performances sing praises of the harmonious coexistence of man and nature,"332,722",Music and Performance Arts
202,C8ZKvnUKE-M&pp=ygUaTXVzaWMgYW5kIFBlcmZvcm1hbmNlIEFydHM%3D,That Girl Lay Lay - Stop Playin (Official Video) (feat Tha Slay Gang),"94,344,250",Music and Performance Arts
203,AfHFFlhGdBs&pp=ygUaTXVzaWMgYW5kIFBlcmZvcm1hbmNlIEFydHM%3D,Violin Timelapse: Age 4 to 22 (Violin Progress),"8,227,040",Music and Performance Arts
204,QLykINP4_Mo&pp=ygUaTXVzaWMgYW5kIFBlcmZvcm1hbmNlIEFydHM%3D,Oxygen - Breakin Convention London Sadler‚Äôs Wells 2022,"236,998",Music and Performance Arts
205,EmMTKdUAokM&pp=ygUaTXVzaWMgYW5kIFBlcmZvcm1hbmNlIEFydHM%3D,The Case for Performance Art | The Art Assignment | PBS Digital Studios,"528,588",Music and Performance Arts
206,GrBZuCQAPAw&pp=ygUaTXVzaWMgYW5kIFBlcmZvcm1hbmNlIEFydHM%3D,The Sick World Of Extreme Performance Art,"1,300,747",Music and Performance Arts
207,67m0ng6fKQE&pp=ygUaTXVzaWMgYW5kIFBlcmZvcm1hbmNlIEFydHM%3D,JAY-Z - Picasso Baby: A Performance Art Film,"891,095",Music and Performance Arts
208,EYZNo4w-59A&pp=ygUaTXVzaWMgYW5kIFBlcmZvcm1hbmNlIEFydHM%3D,Majnoon Live at 1300m | Beyond Music & Arts Festival | @Babakamp,"478,014",Music and Performance Arts
209,HmxDbBNnBrg&pp=ygUaTXVzaWMgYW5kIFBlcmZvcm1hbmNlIEFydHM%3D,New Orleans Artist Captivates with Charcoal and Performance Art,"68,213",Music and Performance Arts
210,UT7ilqcoTWI&pp=ygUaTXVzaWMgYW5kIFBlcmZvcm1hbmNlIEFydHM%3D,Take Me With You,"6,075,038",Music and Performance Arts
211,jjjv3Z4e49E&pp=ygUaTXVzaWMgYW5kIFBlcmZvcm1hbmNlIEFydHM%3D,PAUBAYA -Moira Dela Torre | Contemporary Dance (Performance Art),"67,257",Music and Performance Arts
212,DHpcy5fF7X0&pp=ygUaTXVzaWMgYW5kIFBlcmZvcm1hbmNlIEFydHM%3D,Music Man - Martin HS Performing Arts 2022,"4,714",Music and Performance Arts
213,1g7XO7gICAo&pp=ygUaTXVzaWMgYW5kIFBlcmZvcm1hbmNlIEFydHM%3D,"T√©ir Abhaile Ri√∫ (Live At Morris Performing Arts Center, South Bend, IN /2013)","17,977,905",Music and Performance Arts
214,6NnmH1MUniY&pp=ygUaTXVzaWMgYW5kIFBlcmZvcm1hbmNlIEFydHM%3D,Elements Trailer - Physical Theatre,"141,910",Music and Performance Arts
215,lM9H1eYz-lc&pp=ygUaTXVzaWMgYW5kIFBlcmZvcm1hbmNlIEFydHM%3D,"Rockettes ""All That Jazz"" Fosse Dance Tribute","6,929,649",Music and Performance Arts
216,PSyedQl9IiQ&pp=ygUaTXVzaWMgYW5kIFBlcmZvcm1hbmNlIEFydHM%3D,Matilda Jr | Revolting Children | TKA Theatre Co,"7,683,127",Music and Performance Arts
217,DnJjDESe0uo&pp=ygUaTXVzaWMgYW5kIFBlcmZvcm1hbmNlIEFydHM%3D,Shen Yun Performing Arts Intro,"1,523,989",Music and Performance Arts
218,ZMGZQZRIsJE&pp=ygUaTXVzaWMgYW5kIFBlcmZvcm1hbmNlIEFydHM%3D,"The violin, and my dark night of the soul | Ji-Hae Park","3,211,848",Music and Performance Arts
219,BhdNepEaaIo&pp=ygUaTXVzaWMgYW5kIFBlcmZvcm1hbmNlIEFydHM%3D,Center Stage Performing Arts Studio - Please Don't Stop The Music,"22,328",Music and Performance Arts
220,GdSPbliIAjA&pp=ygUaTXVzaWMgYW5kIFBlcmZvcm1hbmNlIEFydHM%3D,Leeds Arts University - BMus (Hons) Popular Music Performance,"7,489",Music and Performance Arts
221,GbuUFRdYqU&pp=ygUaTXVzaWMgYW5kIFBlcmZvcm1hbmNlIEFydHM%3D,BTS (Î∞©ÌÉÑÏÜåÎÖÑÎã®) 'Black Swan' Art Film performed by MN Dance Company,"44,278,641",Music and Performance Arts
222,R0fE8r4wSiI&pp=ygUaTXVzaWMgYW5kIFBlcmZvcm1hbmNlIEFydHM%3D,Ameya Performing Arts | FIGHT SONG | Contemporary Dance | Women Empowerment,"178,319",Music and Performance Arts
223,LerlBRS7CbY&pp=ygUaTXVzaWMgYW5kIFBlcmZvcm1hbmNlIEFydHM%3D,Junior Musical Theatre 2020 - That Beautiful Sound,"55,808",Music and Performance Arts
224,D85HdVKNTG8&pp=ygUaTXVzaWMgYW5kIFBlcmZvcm1hbmNlIEFydHM%3D,"Performance, Live Painting Hommage to a Great Woman | Franck Bouroullec | TEDxLausanneWomen","317,062",Music and Performance Arts
225,YU18eiiFt4&pp=ygUaTXVzaWMgYW5kIFBlcmZvcm1hbmNlIEFydHM%3D,Meet the Sonic Artist Making Music with Plants: Sound Builders,"575,932",Music and Performance Arts
226,RHKEtXzPxEw&pp=ygUaTXVzaWMgYW5kIFBlcmZvcm1hbmNlIEFydHM%3D,·äê·â£ - Neba -live performance - Arts music @ArtsTvWorld,"2,775",Music and Performance Arts
227,VuNORucvXzY&pp=ygUaTXVzaWMgYW5kIFBlcmZvcm1hbmNlIEFydHM%3D,Bachelor of Arts in Music and Performance Studies,120,Music and Performance Arts
228,8zdcrarUtG8&pp=ygUaTXVzaWMgYW5kIFBlcmZvcm1hbmNlIEFydHM%3D,INstall Performance Art Piece,"567,574",Music and Performance Arts
229,QoIlwzEq5M&pp=ygUaTXVzaWMgYW5kIFBlcmZvcm1hbmNlIEFydHM%3D,Dagi - Live Performance - Arts Music @ArtsTvWorld,"1,281",Music and Performance Arts
230,N916YGdX2DI&pp=ygUaTXVzaWMgYW5kIFBlcmZvcm1hbmNlIEFydHM%3D,Alone in the Universe | Alberta Rose School of Music & Performing Arts,291,Music and Performance Arts
231,3xp1Ew3NWDw&pp=ygUaTXVzaWMgYW5kIFBlcmZvcm1hbmNlIEFydHM%3D,Lili- Live Performance- Arts Music @ArtsTvWorld,"1,635",Music and Performance Arts
232,5vL0mtGpl4c&pp=ygUaTXVzaWMgYW5kIFBlcmZvcm1hbmNlIEFydHM%3D,·äì·ã≠·àä - Nayli - live performance -Arts Music @ArtsTvWorld,"1,046",Music and Performance Arts
233,DgjJju5L7gQ&pp=ygUaTXVzaWMgYW5kIFBlcmZvcm1hbmNlIEFydHM%3D,Rise Up - Andra Day / Jay Kim Choreography,"2,651,624",Music and Performance Arts
234,ArK8ogukhdY&pp=ygUaTXVzaWMgYW5kIFBlcmZvcm1hbmNlIEFydHM%3D,·âµ·àÅ·âµ -Tihut - live performance - Arts Music @ArtsTvWorld,"1,422",Music and Performance Arts
235,lkpjC_r_cb8&pp=ygUaTXVzaWMgYW5kIFBlcmZvcm1hbmNlIEFydHM%3D,What All Musicians NEED But CANNOT Be Taught,"452,345",Music and Performance Arts